{
	"name": "Energy",
	"desc": "Beautiful colors, clean lines and an interactive slideshow make Energy a great choice for your site.",
	"customizations": [
      {
          "name": "",
          "type": "title"
      },
      {
          "id": "font-family",
          "name": "Font Family",
          "value": "system",
          "type": "font"
      },
      {
          "id": "text-size",
          "name": "Text Size",
          "value": "15px",
          "type": "text-size"
      },
      {
          "name": "Site",
          "type": "title"
      },
      {
          "id": "background",
          "name": "Background",
          "value": "#fff",
          "type": "color"
      },
      {
          "id": "headline-color",
          "name": "Headline",
          "value": "#111",
          "type": "color"
      },
      {
          "id": "text-color",
          "name": "Text",
          "value": "#333",
          "type": "color"
      },
      {
          "id": "link-color",
          "name": "Link",
          "value": "#5091C7",
          "type": "color"
      },{
          "id": "link-color",
          "name": "Link",
          "value": "#5091C7",
          "type": "color"
      },
      {
          "name": "Header",
          "type": "title"
      },
      {
          "id": "header-background",
          "name": "Background",
          "value": "#fff",
          "type": "color"
      },
      {
          "id": "header-text",
          "name": "Text",
          "value": "#111",
          "type": "color"
      },
      {
          "id": "header-icon",
          "name": "Text",
          "value": "#468b9d",
          "type": "color"
      },
      {
          "name": "Footer",
          "type": "title"
      },
      {
          "id": "footer-background",
          "name": "Background",
          "value": "#468b9d",
          "type": "color"
      },
      {
          "id": "footer-text",
          "name": "Text",
          "value": "#fff",
          "type": "color"
      },
      {
          "name": "Hero",
          "type": "title"
      },
      {
          "id": "hero-text",
          "name": "Text",
          "value": "#fff",
          "type": "color"
      },
      {
          "id": "hero-background",
          "name": "Background",
          "value": "#468b9d",
          "type": "color"
      }
  ]
}