{
	"name": "Base",
	"desc": "Base is a knowledge base theme created for Respond.",
	"customizations": [
      {
          "name": "",
          "type": "title"
      },
      {
          "id": "font-family",
          "name": "Font Family",
          "value": "system",
          "type": "font"
      },
      {
          "id": "text-size",
          "name": "Text Size",
          "value": "15px",
          "type": "text-size"
      },
      {
          "name": "Site",
          "type": "title"
      },
      {
          "id": "background",
          "name": "Background",
          "value": "#fff",
          "type": "color"
      },
      {
          "id": "headline-color",
          "name": "Headline",
          "value": "#111",
          "type": "color"
      },
      {
          "id": "text-color",
          "name": "Text",
          "value": "#333",
          "type": "color"
      },
      {
          "id": "link-color",
          "name": "Link",
          "value": "#78909c",
          "type": "color"
      },
      {
          "id": "icon-color",
          "name": "Icon",
          "value": "#cfd8dc",
          "type": "color"
      },
      {
          "name": "Header",
          "type": "title"
      },
      {
          "id": "header-background",
          "name": "Background",
          "value": "#607d8b",
          "type": "color"
      },
      {
          "id": "header-text",
          "name": "Text",
          "value": "#fff",
          "type": "color"
      },
      {
          "name": "Footer",
          "type": "title"
      },
      {
          "id": "footer-background",
          "name": "Background",
          "value": "#78909c",
          "type": "color"
      },
      {
          "id": "footer-text",
          "name": "Text",
          "value": "#fff",
          "type": "color"
      },
      {
          "name": "Search",
          "type": "title"
      },
      {
          "id": "search-background",
          "name": "Background",
          "value": "#cfd8dc",
          "type": "color"
      }
  ]
}